Link Name,Center of Mass X,Center of Mass Y,Center of Mass Z,Center of Mass Roll,Center of Mass Pitch,Center of Mass Yaw,Mass,Moment Ixx,Moment Ixy,Moment Ixz,Moment Iyy,Moment Iyz,Moment Izz,Visual X,Visual Y,Visual Z,Visual Roll,Visual Pitch,Visual Yaw,Mesh Filename,Color Red,Color Green,Color Blue,Color Alpha,Collision X,Collision Y,Collision Z,Collision Roll,Collision Pitch,Collision Yaw,Collision Mesh Filename,Material Name,SW Components,Coordinate System,Axis Name,Joint Name,Joint Type,Joint Origin X,Joint Origin Y,Joint Origin Z,Joint Origin Roll,Joint Origin Pitch,Joint Origin Yaw,Parent,Joint Axis X,Joint Axis Y,Joint Axis Z,Limit Effort,Limit Velocity,Limit Lower,Limit Upper,Calibration rising,Calibration falling,Dynamics Damping,Dynamics Friction,Safety Soft Upper,Safety Soft Lower,Safety K Position,Safety K Velocity
base_link,-0.000538087486473511,-9.45925485405101E-05,0.0501893101734975,0,0,0,1.40745721556385,0.00227236074082326,-1.01209593394642E-07,-3.60889235913494E-17,0.00353586741352633,-1.18102824446729E-07,0.00431491680932018,0,0,0,0,0,0,package://colt/meshes/base_link.STL,1,1,1,1,0,0,0,0,0,0,package://colt/meshes/base_link.STL,,body4-1;GO-M8010-1;body4_lianjie-5;body2-1;GO-M8010-2;body3-4;body2-3;body3-1;body3-2;body3-3;body4_lianjie-6;body4_lianjie-7;GO-M8010-4;body4-2;GO-M8010-3;body4_lianjie-8;body4_lianjie-1;body4_lianjie-2;body4_lianjie-9,lbs,,,,0,0,0,0,0,0,,0,0,0,,,,,,,,,,,,
C_LF_HAA,0.044514,0.02052,-4.0438E-05,0,0,0,0.30705,0.00018044,-6.723E-07,3.6203E-07,0.00028206,2.5289E-08,0.00014447,0,0,0,0,0,0,package://colt/meshes/C_LF_HAA.STL,0.79216,0.81961,0.93333,1,0,0,0,0,0,0,package://colt/meshes/C_LF_HAA.STL,,Uxing_metal_two-1;Uxing_metal_one-4;GO-M8010-8;dianjilianjie1-2;dianjilianjie2-6;dianjilianjie2-8,C_LF_HAA,LF_HAA,LF_HAA,revolute,0.1561,0.0699999999999992,0.0500000000000014,0,0,0,base_link,-1,0,0,100,100,-6.28,6.28,,,,,,,,
C_LF_HFE,-0.041882,-0.015556,4.427E-05,0,0,0,0.46219,0.00030437,2.0786E-07,4.992E-07,0.0023185,-1.7412E-07,0.00203,0,0,0,0,0,0,package://colt/meshes/C_LF_HFE.STL,0,0.49804,0,1,0,0,0,0,0,0,package://colt/meshes/C_LF_HFE.STL,,GO-M8010-10;big_leg_out_one-5;Cu(M3_20_4.6)-20;Cu(M3_20_4.6)-19;big_leg_out-5;Cu(M3_20_4.6)-18;big_leg_out-6;Cu(M3_20_4.6)-17;Cu(M3_20_4.6)-16;Cu(M3_20_4.6)-15;qubing-4;Cu(M3_20_4.6)-21;Cu(M3_8_4.6)-5,C_LF_HFE,LF_HFE,LF_HFE,revolute,0.0555001125555474,0.0978000000000008,0,0,0,0,C_LF_HAA,0,-1,0,100,100,-6.28,6.28,,,,,,,,
C_LF_KFE,0.08644,-7.494E-16,-0.080098,0,0,0,0.11892,0.00052442,4.2316E-19,0.00045139,0.00095113,-4.7607E-19,0.00042721,0,0,0,0,0,0,package://colt/meshes/C_LF_KFE.STL,1,1,1,1,0,0,0,0,0,0,package://colt/meshes/C_LF_KFE.STL,,small_leg-5;small_leg-6;Cu(M3_8_4.6)-1,C_LF_KFE,LF_KFE,LF_KFE,revolute,-0.25,0,0,0,0,0,C_LF_HFE,0,1,0,100,100,-6.28,6.28,,,,,,,,
C_LF_FOOT,-0.0017122,-5.6095E-09,0.0058956,0,0,0,0.037612,5.2235E-06,8.0155E-13,-1.2697E-07,5.4098E-06,2.6778E-12,5.6596E-06,0,0,0,0,0,0,package://colt/meshes/C_LF_FOOT.STL,1,1,1,1,0,0,0,0,0,0,package://colt/meshes/C_LF_FOOT.STL,,足-3/small_leg - 副本-1;足-3/足-1,C_LF_FOOT,,LF_FOOT_fixed,fixed,0.17522,0,-0.22084,0,0,0,C_LF_KFE,0,0,0,,,,,,,,,,,,
C_RF_HAA,0.0446380224836943,-0.0205195372056774,-4.049323374683E-05,0,0,0,0.307051183748997,0.000180438822121199,7.33608204116831E-07,-3.6200252673124E-07,0.000282057847790845,-2.5289577301454E-08,0.000144470095256,0,0,0,0,0,0,package://colt/meshes/C_RF_HAA.STL,0.792156862745098,0.819607843137255,0.933333333333333,1,0,0,0,0,0,0,package://colt/meshes/C_RF_HAA.STL,,Uxing_metal_two-2;Uxing_metal_one-3;GO-M8010-7;dianjilianjie1-1;dianjilianjie2-5;dianjilianjie2-7,C_RF_HAA,RF_HAA,RF_HAA,revolute,0.156099999999998,-0.0700000000000004,0.0500000000000079,0,0,0,base_link,-1,0,0,100,100,-6.28,6.28,,,,,,,,
C_RF_HFE,-0.0417963056119757,0.0155557741126271,4.4412122188961E-05,0,0,0,0.46218745095299,0.000304365424485026,-1.41529724507483E-07,-2.3030330136715E-07,0.0023184812300301,1.7411646517428E-07,0.0020300301378608,0,0,0,0,0,0,package://colt/meshes/C_RF_HFE.STL,0,0.498039215686275,0,1,0,0,0,0,0,0,package://colt/meshes/C_RF_HFE.STL,,GO-M8010-9;big_leg_out_one-4;big_leg_out-3;Cu(M3_20_4.6)-10;Cu(M3_20_4.6)-9;Cu(M3_20_4.6)-11;Cu(M3_20_4.6)-13;Cu(M3_20_4.6)-8;Cu(M3_20_4.6)-12;big_leg_out-4;qubing-3;Cu(M3_20_4.6)-14;Cu(M3_8_4.6)-6,C_RF_HFE,RF_HFE,RF_HFE,revolute,0.0554998874444546,-0.0977999999999988,0,0,0,0,C_RF_HAA,0,1,0,100,100,-6.28,6.28,,,,,,,,
C_RF_KFE,0.0864399642701854,3.10862446895044E-15,-0.0800977783593352,0,0,0,0.118917434314166,0.000524417070918306,-3.70385843345223E-19,0.000451393115858188,0.0009511349221612,4.02212084687088E-19,0.000427213340552537,0,0,0,0,0,0,package://colt/meshes/C_RF_KFE.STL,1,1,1,1,0,0,0,0,0,0,package://colt/meshes/C_RF_KFE.STL,,small_leg-4;small_leg-3;Cu(M3_8_4.6)-2,C_RF_KFE,RF_KFE,RF_KFE,revolute,-0.249999999995038,0,0,0,0,0,C_RF_HFE,0,1,0,100,100,-6.28,6.28,,,,,,,,
C_RF_FOOT,-0.001712168302058,-5.60953780648354E-09,0.00589558114153227,0,0,0,0.0376120019453649,5.22354335370507E-06,8.01569824916574E-13,-1.26964269126024E-07,5.40981589687136E-06,2.67776661389757E-12,5.65964685484483E-06,0,0,0,0,0,0,package://colt/meshes/C_RF_FOOT.STL,1,1,1,1,0,0,0,0,0,0,package://colt/meshes/C_RF_FOOT.STL,,足-4/足-1;足-4/small_leg - 副本-1,C_RF_FOOT,,RF_FOOT_fixed,fixed,0.17521,0,-0.22084,0,0,0,C_RF_KFE,0,0,0,,,,,,,,,,,,
C_LH_HAA,-0.0446380224521045,0.02051953720572,-4.04932356393231E-05,0,0,0,0.30705118374958,0.000180438822121293,7.33608175230368E-07,3.62017253720023E-07,0.000282057847790957,2.52895587460109E-08,0.000144470095256022,0,0,0,0,0,0,package://colt/meshes/C_LH_HAA.STL,0.792156862745098,0.819607843137255,0.933333333333333,1,0,0,0,0,0,0,package://colt/meshes/C_LH_HAA.STL,,Uxing_metal_two-3;Uxing_metal_one-2;GO-M8010-6;dianjilianjie1-4;dianjilianjie2-1;dianjilianjie2-2,C_LH_HAA,LH_HAA,LH_HAA,revolute,-0.1561,0.07,0.05,0,0,0,base_link,1,0,0,100,100,-6.28,6.28,,,,,,,,
C_LH_HFE,-0.0418817037270969,-0.015555774112628,4.43183442665335E-05,0,0,0,0.462187450952986,0.000304365418717271,2.0785894936745E-07,5.01179779712681E-07,0.00231848123003011,-1.741168928469E-07,0.00203003014362856,0,0,0,0,0,0,package://colt/meshes/C_LH_HFE.STL,0,0.498039215686275,0,1,0,0,0,0,0,0,package://colt/meshes/C_LH_HFE.STL,,GO-M8010-11;big_leg_out_one-2;qubing-6;big_leg_out-9;big_leg_out-10;Cu(M3_20_4.6)-29;Cu(M3_20_4.6)-30;Cu(M3_20_4.6)-31;Cu(M3_20_4.6)-33;Cu(M3_20_4.6)-34;Cu(M3_20_4.6)-32;Cu(M3_20_4.6)-35;Cu(M3_8_4.6)-7,C_LH_HFE,LH_HFE,LH_HFE,revolute,-0.0554998874444527,0.097799999999991,0,0,0,0,C_LH_HAA,0,1,0,100,100,-6.28,6.28,,,,,,,,
C_LH_KFE,0.0864396228085414,-5.13478148889135E-15,-0.0800981468564982,0,0,0,0.118917434314166,0.000524420919539692,4.42686586379615E-19,0.000451392701457387,0.000951134922161193,-4.99143932772465E-19,0.000427209491931143,0,0,0,0,0,0,package://colt/meshes/C_LH_KFE.STL,1,1,1,1,0,0,0,0,0,0,package://colt/meshes/C_LH_KFE.STL,,small_leg-9;small_leg-10;Cu(M3_8_4.6)-3,C_LH_KFE,LH_KFE,LH_KFE,revolute,-0.249999999999123,0,0,0,0,0,C_LH_HFE,0,1,0,100,100,-6.28,6.28,,,,,,,,
C_LH_FOOT,-0.00171219952931162,-5.60954321882079E-09,0.00589557207278049,0,0,0,0.0376120019453786,5.22354469874299E-06,8.01557302736003E-13,-1.26966579051991E-07,5.4098158969091E-06,2.67776902924985E-12,5.65964550982906E-06,0,0,0,0,0,0,package://colt/meshes/C_LH_FOOT.STL,1,1,1,1,0,0,0,0,0,0,package://colt/meshes/C_LH_FOOT.STL,,足-1/足-1;足-1/small_leg - 副本-1,C_LH_FOOT,Axis_LH_FOOT_fixed,LH_FOOT_fixed,fixed,0.175215215481091,0,-0.220837258839277,0,0,0,C_LH_KFE,0,0,0,,,,,,,,,,,,
C_RH_HAA,-0.0445142059745414,-0.0205195372057441,-4.04380325148418E-05,0,0,0,0.307051183749888,0.000180438821292614,-6.72303115306081E-07,-3.62026942536879E-07,0.000282057847791016,-2.52889083434374E-08,0.000144470096084762,0,0,0,0,0,0,package://colt/meshes/C_RH_HAA.STL,0.792156862745098,0.819607843137255,0.933333333333333,1,0,0,0,0,0,0,package://colt/meshes/C_RH_HAA.STL,,Uxing_metal_two-4;Uxing_metal_one-1;dianjilianjie1-3;dianjilianjie2-4;dianjilianjie2-3;GO-M8010-5,C_RH_HAA,RH_HAA,RH_HAA,revolute,-0.1561,-0.07,0.05,0,0,0,base_link,1,0,0,100,100,-6.28,6.28,,,,,,,,
C_RH_HFE,-0.0417963051379444,0.015555774112628,4.43160554515973E-05,0,0,0,0.462187450952985,0.000304365419752313,-1.41527860700031E-07,-2.11831383987255E-07,0.0023184812300301,1.74117980120854E-07,0.00203003014259352,0,0,0,0,0,0,package://colt/meshes/C_RH_HFE.STL,0,0.498039215686275,0,1,0,0,0,0,0,0,package://colt/meshes/C_RH_HFE.STL,,GO-M8010-12;big_leg_out_one-3;big_leg_out-7;qubing-5;big_leg_out-8;Cu(M3_20_4.6)-23;Cu(M3_20_4.6)-22;Cu(M3_20_4.6)-25;Cu(M3_20_4.6)-26;Cu(M3_20_4.6)-28;Cu(M3_20_4.6)-27;Cu(M3_20_4.6)-24;Cu(M3_8_4.6)-8,C_RH_HFE,RH_HFE,RH_HFE,revolute,-0.055500112553648,-0.0978000000000028,0,0,0,0,C_RH_HAA,0,-1,0,100,100,-6.28,6.28,,,,,,,,
C_RH_KFE,0.0864391068799436,5.55111512312578E-17,-0.0800987036282719,0,0,0,0.118917434314166,0.000524426734541424,2.41625543436429E-19,0.000451392075263362,0.000951134922161198,-2.77864388184977E-19,0.000427203676929416,0,0,0,0,0,0,package://colt/meshes/C_RH_KFE.STL,1,1,1,1,0,0,0,0,0,0,package://colt/meshes/C_RH_KFE.STL,,small_leg-8;small_leg-7;Cu(M3_8_4.6)-4,C_RH_KFE,RH_KFE,RH_KFE,revolute,-0.250000000000101,0,0,0,0,0,C_RH_HFE,0,1,0,100,100,-6.28,6.28,,,,,,,,
C_RH_FOOT,-0.00171216155242498,-5.60953619666016E-09,0.00589531136679217,0,0,0,0.037612001945362,5.22354306310072E-06,8.01572619581372E-13,-1.26963770042632E-07,5.40981589686359E-06,2.67776613958813E-12,5.65964714544477E-06,0,0,0,0,0,0,package://colt/meshes/C_RH_FOOT.STL,1,1,1,1,0,0,0,0,0,0,package://colt/meshes/C_RH_FOOT.STL,,足-2/足-1;足-2/small_leg - 副本-1,C_RH_FOOT,Axis_RH_FOOT_fixed,RH_FOOT_fixed,fixed,0.175213793021927,0,-0.220838115693587,0,0,0,C_RH_KFE,0,0,0,,,,,,,,,,,,
imu_link,0,0,0,0,0,0,0,0,0,0,0,0,0,0,0,0,0,0,0,package://colt/meshes/imu_link.STL,1,1,1,1,0,0,0,0,0,0,package://colt/meshes/imu_link.STL,,IMU-3,C_IMU,Axis_IMU_fixed,IMU_fixed,fixed,0,0,0.023,0,0,0,base_link,0,0,0,,,,,,,,,,,,
